{
    "duicore": {
        "version": "2.0.2.1"
    },
    "android": {
        "algorithm_version": {
            "WTK_CORE_VERSION": "v1.1.17",
            "ASR_VERSION": "v1.0.21",
            "VAD_VERSION": "v1.3.5",
            "ASRPP_VERSION": "v1.0.11",
            "LOCAL_WAKEUP_VERSION": "v1.6.22",
            "AEC_VERSION": "v2.0.0.100",
            "NR_VERSION": "v1.0.1",
            "FESPA_VERSION": "v2.0.0.100",
            "TTS_VERSION": "v2.1.32",
            "LINEMIC_VERSION": "v2.0.0.100",
            "FESPCAR_VERSION": "v3.0.3.3",
            "FESPD_VERSION": "v2.0.0.100",
            "SSPE_VERSION": "v2.0.0.100",
            "SEVC_VERSION": "v2.0.0.100"
        },
        "core": {
            "wtk": {
                "version": "v1.1.17"
            },
            "aec": {
                "version": "v1.38.1"
            },
            "fdm": {
                "version": "v1.14.0"
            },
            "linemic": {
                "version": "v1.38.1"
            },
            "fespa": {
                "version": "v1.38.1"
            },
            "wakeup": {
                "version": "v1.38.1"
            },
            "tts": {
                "version": "v1.38.1"
            },
            "asr": {
                "version": "v1.38.1"
            },
            "gram": {
                "version": "v1.38.1"
            },
            "vad": {
                "version": "v1.38.1"
            },
            "nr": {
                "version": "v1.38.1"
            },
            "asrpp": {
                "version": "v1.38.1"
            },
            "fespCar": {
                "version": "v2.22.2"
            },
            "fespd": {
                "version": "v1.38.1"
            }
        },
        "wakeup": {
            "res_format": "wakeup.bin",
            "res_name": "wakeup_aicar_comm_v0.19.0.bin",
            "res_md5": "905bd9e06f6d7ea48ba95d8ba6ed9361"
        },
        "wakeup_far": {
            "res_format": "wakeup_far.bin",
            "res_name": "wakeup_aifar_comm_20180104.bin",
            "res_md5": "0507e6588c7fc6d8ca4feeb12e6cec68"
        },
        "wakeup_vprint": {
            "res_format": "wakeup_vprint.bin",
            "res_name": "wakeup_aicar_comm_v0.19.0_vp1.3.bin",
            "res_md5": "a43427721fea1c01954d89ff8a1025a7"
        },
        "near_wakeup": {
            "res_nearwakeup_far_format": "nearwakeup_far.bin",
            "res_nearwakeup_far_name": "wakeup_aifar_comm_20180104.bin",
            "res_nearwakeup_far_md5": "0507e6588c7fc6d8ca4feeb12e6cec68",
            "res_mds_wakeup_format": "mds_wakeup.bin",
            "res_mds_wakeup_name": "res_mds_v2.70.0.10_mds_offline_ch1_1_0_config_20201209_v2.70.0.10.bin",
            "res_mds_wakeup_md5": "a4e34304acbd74ae961d93687b96114c"
        },
        "aec": {
            "res_format": "aec.bin",
            "res_name": "sspe_aec_ch2_mic1_ref1_asr_v2.0.0.100.bin",
            "res_md5": "dbcfe5247457aa7ec8c2a77de4f2a694"
        },
        "tts": {
            "res_db_format": "sent_dict.db",
            "res_db_name": "v2.1.32_aitts_sent_dict_local.db",
            "res_db_md5": "458bb9af79a5ccb585f6c03202f5e209",
            "res_front_format": "local_front.bin",
            "res_front_name": "v2.1.32_local_front.bin",
            "res_front_md5": "a30c87579a433d5a9e782e0dba82c8bc",
            "res_speaker_f_format": "zhilingf.bin",
            "res_speaker_f_name": "lzlinf_lstm_210827.bin",
            "res_speaker_f_md5": "15cbf5ca6b751e63daf0066af8e000f6",
            "res_speaker_m_format": "gdgm.bin",
            "res_speaker_m_name": "guodgm_common_back_ce_local.v2.1.0.bin",
            "res_speaker_m_md5": "37774d4cb191078fb18eda6084eab651"
        },
        "asr": {
            "res_format": "ebnfr.bin",
            "res_name": "ebnfr.aicar.1.3.0.bin",
            "res_md5": "6e071b8e5ba636749768b381dc8d1121"
        },
        "gram": {
            "res_format": "ebnfc.bin",
            "res_name": "ebnfc.aicar.1.2.0.bin",
            "res_md5": "7ba56ccc88685f1f280bb4325a43d121"
        },
        "asrpp": {
            "res_age_format": "asrpp_age.bin",
            "res_age_name": "local_model_16k_age_6skip_8bit_dir2019-11-22.bin",
            "res_age_md5": "ee7eb7a134cf30681b28d4d3f72a4a18",
            "res_gender_format": "asrpp_gender.bin",
            "res_gender_name": "gender_local_model_dir_2019-09-02.bin",
            "res_gender_md5": "c8d2616df79d5332ea71dcf020859136"
        },
        "vad": {
            "res_format": "vad.bin",
            "res_name": "vad_aicar_v0.15.bin",
            "res_md5": "5d4dcddca502ea0d4a5fcddfddb3318f",
            "res_ssp_format": "vad_aicar_ssp.bin",
            "res_ssp_name": "?????",
            "res_ssp_md5": "1360f8fcb3d1ff3ac48a531a89f71132",
            "res_far_format": "vad_far.bin",
            "res_far_name": "vad_aihome_v0.12c.bin",
            "res_far_md5": "d2360db86476969fb81626445d80b84e"
        },
        "ula": {
            "res_ula_2_format": "ULA_asr_2.bin",
            "res_ula_2_name": "sspe_uda_wkp_30mm_ch2_mic2_v2.0.0.100.bin",
            "res_ula_2_md5": "b31e8719549bb15023efd1137bca0fbc",
            "res_ula_4_format": "ULA_asr_4.bin",
            "res_ula_4_name": "/fespl/sspe_ula_wkp_35mm_ch4_mic4_v2.0.0.100.bin",
            "res_ula_4_md5": "247eba75b1a6f3a91ae7b1c1b5a69d45",
            "res_ula_6_format": "ULA_asr_6.bin",
            "res_ula_6_name": "/fespl/sspe_ula_wkp_35mm_ch6_mic6_v2.0.0.100.bin",
            "res_ula_6_md5": "6f33751db9792bb9e46db318f3ee7eb7",
            "res_mds_ula_2_format": "mds_ula_2.bin",
            "res_mds_ula_2_name": "mds_offline_ch2_2_0_config_30mm_doaScanOff_20210906_v2.70.0.25.bin",
            "res_mds_ula_2_md5": "4b3f22833e8fa17c2542d767a01098fc",
            "res_mds_ula_4_format": "mds_ula_4.bin",
            "res_mds_ula_4_name": "mds_offline_ch4_2_0_config_35mm_doaScanOff_20210906_v2.70.0.25.bin",
            "res_mds_ula_4_md5": "6fdb91aece508acf3905a919ac7af813",
            "res_voip_ula_4_format": "sevc_line_4.bin",
            "res_voip_ula_4_name": "sspe_aec_ula_nr_agc_35mm_6ch_4mic_2ref_voip_v2.0.0.100.bin",
            "res_voip_ula_4_md5": "dcff67ed620baa15a5490390f62f125b",
            "res_voip_ula_4_format": "sevc_line_2.bin",
            "res_voip_ula_4_name": "sspe_aec_uda_nr_agc_35mm_4ch_2mic_2ref_voip_v2.0.0.100.bin",
            "res_voip_ula_4_md5": "c5ad0cd61740ef1900431e6d499df8e7"
        },
        "uca": {
            "res_uca_4_format": "UCA_asr_4.bin",
            "res_uca_4_name": "/fespa/sspe_uca_wkp_70mm_ch4_mic4_v2.0.0.100.bin",
            "res_uca_4_md5": "2a7f318a7c5a8c830ea60c35749a4760",
            "res_uca_6_format": "UCA_asr_6.bin",
            "res_uca_6_name": "/fespa/sspe_uca_wkp_72mm_ch6_mic6_v2.0.0.100.bin",
            "res_uca_6_md5": "de57fab0f618d3291767c9b917adc542"
        },
        "fespCar": {
            "res_aec_format": "aec4_2.bin",
            "res_aec_name": "AEC_ch4-2-ch2_2ref_common_20191115_v2.0.8.bin",
            "res_aec_md5": "eccbb31cf909aa4648781669234cf594",
            "res_uda_format": "UDA_asr.bin",
            "res_uda_name": "ULDA_asr_ch2_2_ch2_30mm_20190910_v1.1.1.2_nlms0ff_vpOn_tpA.bin",
            "res_uda_md5": "ff584d17692cffd66350ce8a0b508348",
            "res_wakeup_ssp_format": "wakeup_aicar_ssp.bin",
            "res_wakeup_ssp_name": "wakeup_aicar_comm_v0.19.0_use_stream_vp1.3.bin",
            "res_wakeup_ssp_md5": "f83b4d00ccd3e22fc16c160d541e423d"
        },
        "sspe": {
            "res_sspe_uda_format": "sspe_uda_2.bin",
            "res_sspe_uda_name": "sspe_uda-wkp_30mm_ch2_2mic_0ref_release-v2.0.0.100.bin",
            "res_sspe_uda_md5": "f612fc0d4b8ba243a498e31ed3b192e2",
            "res_sspe_ula_4_format": "sspe_ula_4.bin",
            "res_sspe_ula_4_name": "sspe_ula-wkp_35mm_ch4_4mic_0ref_release-v2.0.0.100.bin",
            "res_sspe_ula_4_md5": "7a7b05fdc78ed22c48cc9040d44bd9ee",
            "res_sspe_ula_6_format": "sspe_ula_6.bin",
            "res_sspe_ula_6_name": "sspe_ula-wkp_35mm_ch6_6mic_0ref_release-v2.0.0.100.bin",
            "res_sspe_ula_6_md5": "869055e1c9fc17b84a2bb8095557ffdc",
            "res_sspe_uca_4_format": "sspe_uca_4.bin",
            "res_sspe_uca_4_name": "sspe_uca-wkp_70mm_ch4_4mic_0ref_release-v2.0.0.100.bin",
            "res_sspe_uca_4_md5": "e04564312ef38f8ff9e1581bced2e2e8",
            "res_sspe_uca_6_format": "sspe_uca_6.bin",
            "res_sspe_uca_6_name": "sspe_uca-wkp_72mm_ch6_6mic_0ref_release-v2.0.0.100.bin",
            "res_sspe_uca_6_md5": "2fca991b4e3d19040aa9848b6a8c125e"
        },
        "vprint": {
            "res_gender_format": "asrpp_gender.bin",
            "res_gender_name": "gender_local_model_dir_2019-09-02.bin",
            "res_gender_md5": "c8d2616df79d5332ea71dcf020859136",
            "res_1_mic_format": "vprint_1.bin",
            "res_1_mic_name": "vprint_nhxc_1mic_20190930_float.bin",
            "res_1_mic_md5": "de836992bf3c6d978c94cb4d30bf18dd",
            "res_2_mic_format": "vprint_2.bin",
            "res_2_mic_name": "vprint_nhxc_2mic_20190930_float.bin",
            "res_2_mic_md5": "1d744db42a62c65afc127ee8a74e8d41"
        }
    }
}